Grooves Section,PRODUCT CODE,PCD,NO OF GROOVES,BUSH,TYPE,Outside,Max. Bore,,L,N,M
,,,,,,OD,Metric,Inch,,,
Z,BM-1Z-67-T1FG*,67,1,1108,1,71,28,"1⅛""",16,5.8,-
Z,BM-2Z-67-T6FG*,67,2,1108,6,71,28,"1⅛""",28,5.8,-
Z,BM-3Z-67-T6FG,67,3,1108,6,71,28,"1⅛""",40,5.8,-
,,,,,,,,,,,
Z,BM-1Z-71-T1FG*,71,1,1108,1,75,28,"1⅛""",16,5.8,-
Z,BM-2Z-71-T6FG*,71,2,1108,6,75,28,"1⅛""",28,5.8,-
Z,BM-3Z-71-T6FG,71,3,1108,6,75,28,"1⅛""",40,5.8,-
Z,BM-1Z-75-T1FG*,75,1,1108,1,79,28,"1⅛""",16,5.8,-
Z,BM-2Z-75-T6FG*,75,2,1210,6,79,32,"1¼""",28,6.6,-
Z,BM-3Z-75-T6FG,75,3,1210,6,79,32,"1¼""",40,6.6,-
Z,BM-1Z-80-T1FG*,80,1,1210,1,84,32,"1¼""",16,6.6,-
Z,BM-2Z-80-T6FG*,80,2,1108,6,84,32,"1¼""",28,9.8,-
Z,BM-3Z-80-T6FG*,80,3,1210,6,84,32,"1¼""",40,6.6,-
Z,BM-4Z-80-T6FG*,80,4,1210,6,84,32,"1¼""",52,6.6,-
,,,,,,,,,,,
Z,BM-1Z-85-T1FG,85,1,1210,1,89,32,"1¼""",16,6.6,-
Z,BM-2Z-85-T6FG*,85,2,1610,6,89,42,"1 ⅝""",28,16.6,-
Z,BM-3Z-85-T6FG*,85,3,1610,6,89,42,"1 ⅝""",40,16.6,-
Z,BM-4Z-85-T6FG*,85,4,1610,6,89,42,"1 ⅝""",52,16.6,-
Z,BM-5Z-85-T6FG,85,5,1610,6,89,42,"1 ⅝""",64,16.6,-
,,,,,,,,,,,
Z,BM-1Z-90-T1FG*,90,1,1210,1,94,32,"1¼""",16,6.6,-
Z,BM-2Z-90-T2FG*,90,2,1610,2,94,42,"1 ⅝""",28,16.6,-
Z,BM-3Z-90-T2FG*,90,3,1610,2,94,42,"1 ⅝""",40,25.4,-
Z,BM-4Z-90-T6FG*,90,4,1610,6,94,42,"1 ⅝""",52,16.6,-
Z,BM-5Z-90-T6FG,90,5,1610,6,94,42,"1 ⅝""",64,16.6,-
Z,BM-6Z-90-T6FG,90,6,1610,6,94,42,"1 ⅝""",76,16.6,-
,,,,,,,,,,,
,,,,,,,,,,,
Z,BM-1Z-95-T1FG*,95,1,1210,1,99,32,"1¼""",16,6.6,-
Z,BM-2Z-95-T6FG*,95,2,1610,6,99,42,"1 ⅝""",28,16.6,-
Z,BM-3Z-95-T6FG*,95,3,1610,6,99,42,"1 ⅝""",40,16.6,-
Z,BM-4Z-95-T6FG*,95,4,1610,6,99,42,"1 ⅝""",52,16.6,-
Z,BM-5Z-95-T6FG,95,5,1610,6,99,42,"1 ⅝""",64,16.6,-
Z,BM-6Z-95-T6FG,95,6,1610,6,99,42,"1 ⅝""",76,16.6,-
,,,,,,,,,,,
Z,BM-1Z-100-T1FG*,100,1,1210,1,104,32,"1¼""",16,6.6,-
Z,BM-2Z-100-T6FG*,100,2,1610,6,104,42,"1 ⅝""",28,16.6,-
Z,BM-3Z-100-T6FG*,100,3,1610,6,104,42,"1 ⅝""",40,16.6,-
Z,BM-4Z-100-T6FG*,100,4,2012,6,104,50,"2""",52,18.2,-
Z,BM-5Z-100-T6FG,100,5,2012,6,104,50,"2""",64,18.2,-
Z,BM-6Z-100-T6FG,100,6,2012,6,104,50,"2""",76,18.2,-
,,,,,,,,,,,
,,,,,,,,,,,
,,,,,,,,,,,
Z,BM-1Z-112-T1FG*,112,1,1210,1,116,42,"1 ⅝""",16,16.6,-
Z,BM-2Z-112-T6FG*,112,2,1610,6,116,42,"1 ⅝""",28,16.6,-
Z,BM-3Z-112-T6FG*,112,3,1210,6,116,50,"2""",40,24.6,-
Z,BM-4Z-112-T6FG*,112,4,1210,6,116,50,"2""",52,24.6,-
Z,BM-5Z-112-T6FG,112,5,1210,6,116,50,"2""",64,24.6,-
Z,BM-6Z-112-T6FG,112,6,1210,6,116,50,"2""",76,24.6,-
,,,,,,,,,,,
,,,,,,,,,,,
,,,,,,,,,,,
,,,,,,,,,,,
,,,,,,,,,,,
,,,,,,,,,,,
,,,,,,,,,,,
,,,,,,,,,,,
,,,,,,,,,,,
,,,,,,,,,,,
,,,,,,,,,,,
Z,BM-1Z-125-T1FG*,125,1,1610,1,129,42,"1 ⅝""",16,16.6,-
Z,BM-2Z-125-T6FG*,125,2,1610,6,129,42,"1 ⅝""",28,16.6,-
Z,BM-3Z-125-T2FG*,125,3,2012,2,129,50,"2""",40,18.2,-
Z,BM-4Z-125-T6FG*,125,4,2012,6,129,50,"2""",52,18.2,-
Z,BM-5Z-125-T6FG,125,5,2012,6,129,60,"2 ½""",64,28.2,-
Z,BM-6Z-125-T6FG,125,6,2517,6,129,60,"2 ½""",76,15.5,-
,,,,,,,,,,,
Z,BM-1Z-140-T1FG*,140,1,1610,1,144,42,"1 ⅝""",16,16.6,-
Z,BM-2Z-140-T6FG*,140,2,1610,6,144,42,"1 ⅝""",28,16.6,-
Z,BM-3Z-140-T2FG*,140,3,2012,2,144,50,"2""",40,18.2,-
Z,BM-4Z-140-T2FG*,140,4,2012,2,144,50,"2""",52,18.2,-
Z,BM-5Z-140-T2FG,140,5,2517,2,144,60,"2 ½""",64,15.5,-
Z,BM-6Z-140-T2FG,140,6,2517,2,144,60,"2 ½""",76,15.5,-
,,,,,,,,,,,
Z,BM-1Z-160-T1FG,160,1,1610,1,164,42,"1 ⅝""",16,16.6,-
Z,BM-2Z-160-T1FG*,160,2,2012,1,164,50,"2""",28,18.2,-
Z,BM-3Z-160-T2FG*,160,3,2012,2,164,50,"2""",40,18.2,-
Z,BM-4Z-160-T2FG*,160,4,2517,2,164,60,"2 ½""",52,15.5,-
Z,BM-5Z-160-T2FG,160,5,2517,2,164,60,"2 ½""",64,15.5,-
Z,BM-6Z-160-T2FG,160,6,2517,2,164,60,"2 ½""",76,15.5,-
,,,,,,,,,,,
Z,BM-1Z-170-T1FG,170,1,1610,1,174,42,"1 ⅝""",16,16.6,-
Z,BM-2Z-170-T1FG*,170,2,2012,1,174,50,"2""",28,25.4,-
Z,BM-3Z-170-T2FG*,170,3,2012,2,174,50,"2""",40,25.4,-
Z,BM-4Z-170-T2FG*,170,4,2517,2,174,60,"2 ½""",52,44.5,-
,,,,,,,,,,,
Z,BM-2Z-180-T1FG*,180,2,2012,1,184,50,"2""",28,18.2,-
Z,BM-3Z-180-T2FG*,180,3,2012,2,184,50,"2""",40,18.2,-
Z,BM-4Z-180-T2FG*,180,4,2517,2,184,60,"2 ½""",52,15.5,-
Z,BM-5Z-180-T2FG*,180,5,3020,2,184,60,"2 ½""",64,9.2,-
Z,BM-6Z-180-T2FG,180,6,2012,2,184,60,"2 ½""",76,28.2,-
,,,,,,,,,,,
Z,BM-1Z-200-T1FG*,200,1,2012,1,204,50,"2""",16,18.2,-
Z,BM-2Z-200-T8FG*,200,2,2012,8,204,50,"2""",28,18.2,18.2
Z,BM-3Z-200-T2FG,200,3,2012,2,204,50,"2""",40,18.2,-
Z,BM-4Z-200-T2FG*,200,4,2517,2,204,60,"2 ½""",52,15.5,-
Z,BM-5Z-200-T1FG*,200,5,2012,1,204,60,"2 ½""",64,28.2,28.2
Z,BM-6Z-200-T1FG,200,6,2012,1,204,60,"2 ½""",76,28.2,28.2
,,,,,,,,,,,
Z,BM-1Z-250-T8FG*,250,1,2012,8,254,50,"2""",16,18.2,18.2
Z,BM-2Z-250-T4FG*,250,2,2517,4,254,50,"2""",28,5.5,5.5
Z,BM-3Z-250-T5FG,250,3,2012,5,254,50,"2""",40,18.2,18.2
Z,BM-4Z-250-T7FG*,250,4,2517,7,254,60,"2 ½""",52,15.5,15.5
Z,BM-5Z-250-T5FG,250,5,2517,5,254,60,"2 ½""",64,15.5,15.5
Z,BM-6Z-250-T5FG,250,6,2517,5,254,60,"2 ½""",76,15.5,15.5
,,,,,,,,,,,
,,,,,,,,,,,
,,,,,,,,,,,
,,,,,,,,,,,
,,,,,,,,,,,
,,,,,,,,,,,
,,,,,,,,,,,
,,,,,,,,,,,
,,,,,,,,,,,
,,,,,,,,,,,
,,,,,,,,,,,
,,,,,,,,,,,
,,,,,,,,,,,
,,,,,,,,,,,
,,,,,,,,,,,
,,,,,,,,,,,
Z,BM-1Z-315-T8FG,315,1,1610,8,319,50,"2""",16,24.6,24.6
Z,BM-2Z-315-T4FG,315,2,2012,4,319,50,"2""",28,18.2,18.2
Z,BM-3Z-315-T8FG,315,3,2517,8,319,60,"2 ½""",40,15.5,15.5
Z,BM-4Z-315-T5FG,315,4,2517,5,319,60,"2 ½""",52,15.5,15.5
Z,BM-5Z-315-T5FG,315,5,2517,5,319,60,"2 ½""",64,15.5,15.5
Z,BM-6Z-315-T5FG,315,6,2517,5,319,60,"2 ½""",76,15.5,15.5
,,,,,,,,,,,
Z,BM-1Z-400-T4FG,400,1,2012,4,404,50,"2""",16,18.2,18.2
Z,BM-2Z-400-T4FG,400,2,2517,4,404,60,"2 """,28,15.5,15.5
Z,BM-3Z-400-T4FG,400,3,2517,4,404,60,"2 ½""",40,15.5,15.5
Z,BM-4Z-400-T5FG,400,4,2517,5,404,60,"2 ½""",52,15.5,15.5
Z,BM-5Z-400-T5FG,400,5,3020,5,404,75,"3""",64,24.2,24.2
Z,BM-6Z-400-T4FG,400,6,3030,4,404,75,"3""",76,1.2,1.2
,,,,,,,,,,,
Z,BM-2Z-500-T4FG,500,2,2517,4,504,60,"2 ½""",28,15.5,15.5
Z,BM-3Z-500-T4FG,500,3,2517,4,504,60,"2 ½""",40,15.5,15.5
Z,BM-4Z-500-T5FG,500,4,3020,5,504,75,"3""",52,24.2,24.2
Z,BM-5Z-500-T5FG,500,5,3020,5,504,75,"3""",64,24.2,24.2
Z,BM-6Z-500-T4FG,500,6,3030,4,504,75,"3""",76,1.2,1.2
,,,,,,,,,,,
Z,BM-3Z-630-T4FG,630,3,2517,4,634,60,"2 ½""",40,15.5,15.5
Z,BM-4Z-630-T5FG,630,4,3020,5,634,75,"3""",52,24.2,24.2
Z,BM-5Z-630-T4FG,630,5,3030,4,634,75,"3""",64,1.2,1.2
Z,BM-6Z-630-T4FG,630,6,3535,4,634,90,"3½""",76,1,1
,,,,,,,,,,,
Z,BM-3Z-800-T4FG,800,3,3030,4,804,75,"3""",40,1.2,1.2
Z,BM-4Z-800-T4FG,800,4,3030,4,804,75,"3""",52,1.2,1.2
Z,BM-5Z-800-T4FG,800,5,3535,4,804,90,"3½""",64,1,1
Z,BM-6Z-800-T4FG,800,6,3535,4,804,90,"3½""",76,1,1
,,,,,,,,,,,
,,,,,,,,,,,
,,,,,,,,,,,
,,,,,,,,,,,
,,,,,,,,,,,
,,,,,,,,,,,
,,,,,,,,,,,
,,,,,,,,,,,
,,,,,,,,,,,
,,,,,,,,,,,
A,BM-1A-67-T1FG*,67,1,1108,1,72.6,28,"1⅛""",20,2.2,-
A,BM-2A-67-T6FG,67,2,1108,6,72.6,28,"1⅛""",35,12.8,-
,,,,,,,,,,,
A,BM-1A-71-T6FG*,71,1,1108,1,76.6,28,"1⅛""",20,2.2,-
A,BM-2A-71-T6FG*,71,2,1108,6,76.6,28,"1⅛""",35,12.8,-
A,BM-3A-71-T6FG*,71,3,1108,6,80.6,28,"1⅛""",50,27.8,-
A,BM-1A-75-T1FG*,75,1,1108,1,80.6,28,"1⅛""",20,2.2,-
A,BM-2A-75-T6FG*,75,2,1108,6,80.6,28,"1⅛""",35,12.8,-
A,BM-3A-75-T6FG*,75,3,1210,6,85.6,32,"1¼""",50,24.6,-
A,BM-1A-80-T1FG*,80,1,1108,1,85.6,28,"1⅛""",20,2.2,-
A,BM-2A-80-T6FG*,80,2,1108,6,85.6,28,"1⅛""",35,12.8,-
A,BM-3A-80-T6FG*,80,3,1210,6,85.6,32,"1¼""",50,24.6,-
A,BM-4A-80-T6FG,80,4,1215,6,85.6,32,"1¼""",65,25,-
A,BM-5A-80-T6FG,80,5,1215,6,90.6,32,"1¼""",80,40,-
A,BM-1A-85-T1FG*,85,1,1108,1,90.6,28,"1⅛""",20,2.2,-
A,BM-2A-85-T6FG*,85,2,1108,6,90.6,28,"1⅛""",35,12.8,-
A,BM-3A-85-T6FG*,85,3,1210,6,90.6,32,"1¼""",50,24.6,-
A,BM-4A-85-T6FG,85,4,1215,6,90.6,32,"1¼""",65,25,-
A,BM-5A-85-T6FG,85,5,1215,6,95.6,32,"1¼""",80,40,-
A,BM-1A-90-T1FG*,90,1,1108,1,95.6,28,"1⅛""",20,2.2,-
A,BM-2A-90-T6FG*,90,2,1108,6,95.6,28,"1⅛""",35,12.8,-
A,BM-3A-90-T6FG*,90,3,1610,6,95.6,42,"1⅝""",50,24.6,-
A,BM-4A-90-T3FG,90,4,1615,3,95.6,42,"1⅝""",65,-,-
A,BM-5A-90-T3FG,90,5,1615,3,95.6,42,"1⅝""",80,-,-
,,,,,,,,,,,
A,BM-1A-95-T1FG*,95,1,1210,1,100.6,32,"1¼""",20,5.4,-
A,BM-2A-95-T6FG*,95,2,1610,6,100.6,42,"1⅝""",35,9.6,-
A,BM-3A-95-T6FG*,95,3,1610,6,100.6,42,"1⅝""",50,24.6,-
A,BM-4A-95-T3FG,95,4,1615,3,100.6,42,"1⅝""",65,-,-
A,BM-5A-95-T3FG,95,5,1615,3,100.6,42,"1⅝""",80,-,-
,,,,,,,,,,,
,,,,,,,,,,,
,,,,,,,,,,,
,,,,,,,,,,,
,,,,,,,,,,,
,,,,,,,,,,,
,,,,,,,,,,,
,,,,,,,,,,,
,,,,,,,,,,,
,,,,,,,,,,,
,,,,,,,,,,,
,,,,,,,,,,,
A,BM-1A-100-T1FG*,100,1,1610,1,105.6,42,"1⅝""",20,5.4,-
A,BM-2A-100-T6FG*,100,2,1610,6,105.6,42,"1⅝""",35,9.6,-
A,BM-3A-100-T6FG*,100,3,1610,6,105.6,42,"1⅝""",50,24.6,-
A,BM-4A-100-T6FG,100,4,1615,6,105.6,42,"1⅝""",65,26.9,-
A,BM-5A-100-T6FG,100,5,1615,6,105.6,42,"1⅝""",80,41.9,-
A,BM-6A-100-T3FG,100,6,1615,3,105.6,42,"1⅝""",95,-,-
A,BM-1A-106-T1FG*,106,1,1610,1,111.6,42,"1⅝""",20,5.4,-
A,BM-2A-106-T6FG*,106,2,1610,6,111.6,42,"1⅝""",35,9.6,-
A,BM-3A-106-T6FG*,106,3,1610,6,111.6,42,"1⅝""",50,24.6,-
A,BM-4A-106-T6FG,106,4,1615,6,111.6,42,"1⅝""",65,26.9,-
A,BM-5A-106-T6FG,106,5,2012,6,111.6,50,"2""",80,48.2,-
A,BM-6A-106-T3FG,106,6,2012,3,111.6,50,"2""",95,-,-
A,BM-1A-112-T1FG*,112,1,1610,1,117.6,42,"1⅝""",20,5.4,-
A,BM-2A-112-T6FG*,112,2,1610,6,117.6,42,"1⅝""",35,9.6,-
A,BM-3A-112-T6FG*,112,3,2012,6,117.6,50,"2""",50,18.2,-
A,BM-4A-112-T6FG,112,4,2012,6,117.6,50,"2""",65,33.2,-
A,BM-5A-112-T6FG,112,5,2012,6,117.6,50,"2""",80,48.2,-
A,BM-6A-112-T6FG,112,6,2012,6,117.6,50,"2""",95,63.2,-
A,BM-1A-118-T1FG*,118,1,1610,1,123.6,42,"1⅝""",20,5.4,-
A,BM-2A-118-T6FG*,118,2,1610,6,123.6,42,"1⅝""",35,9.6,-
A,BM-3A-118-T6FG,118,3,2012,6,123.6,50,"2""",50,18.2,-
A,BM-4A-118-T2FG,118,4,2012,2,123.6,50,"2""",65,33.2,-
A,BM-5A-118-T6FG,118,5,2012,6,123.6,50,"2""",80,48.2,-
A,BM-6A-118-T6FG,118,6,2012,6,123.6,50,"2""",95,63.2,-
A,BM-1A-125-T1FG*,125,1,1610,1,130.6,42,"1⅝""",20,5.4,-
A,BM-2A-125-T2FG*,125,2,1610,2,130.6,42,"1⅝""",35,9.6,-
A,BM-3A-125-T2FG*,125,3,2012,2,130.6,50,"2""",50,18.2,-
A,BM-4A-125-T2FG*,125,4,2012,2,130.6,50,"2""",65,33.2,-
A,BM-5A-125-T2FG*,125,5,2012,2,130.6,50,"2""",80,48.2,-
A,BM-6A-125-T3FG,125,6,2012,3,130.6,50,"2""",95,-,-
A,BM-1A-132-T1FG,132,1,1610,1,137.6,42,"1⅝""",20,5.4,-
A,BM-2A-132-T2FG,132,2,1610,2,137.6,42,"1⅝""",35,9.6,-
A,BM-3A-132-T2FG,132,3,2012,2,137.6,50,2,50,18.2,-
A,BM-4A-132-T2FG*,132,4,2517,2,137.6,60,"2½""",65,20.5,-
,,,,,,,,,,,
,,,,,,,,,,,
,,,,,,,,,,,
,,,,,,,,,,,
,,,,,,,,,,,
,,,,,,,,,,,
A,BM-5A-132-T2FG,132,5,2517,2,137.6,60,"2½""",80,35.5,-
A,BM-6A-132-T3FG,132,6,2517,3,137.6,60,"2½""",95,-,-
A,BM-1A-140-T1FG*,140,1,1610,1,145.6,42,"1⅝""",20,5.4,-
A,BM-2A-140-T6FG*,140,2,2012,6,145.6,50,2,32,0.2,-
A,BM-3A-140-T2FG*,140,3,2517,2,145.6,60,"2½""",50,5.5,-
A,BM-4A-140-T2FG*,140,4,2517,2,145.6,60,"2½""",65,20.5,-
A,BM-5A-140-T2FG,140,5,2517,2,145.6,60,"2½""",80,35.5,-
A,BM-6A-140-T3FG,140,6,2517,3,145.6,60,"2½""",95,-,-
A,BM-1A-150-T1FG,150,1,1610,1,155.6,42,"1⅝""",20,5.4,-
A,BM-2A-150-T2FG*,150,2,2012,2,155.6,50,2,35,3.2,-
A,BM-3A-150-T2FG*,150,3,2517,2,155.6,60,"2½""",50,5.5,-
A,BM-4A-150-T2FG*,150,4,2517,2,155.6,60,"2½""",65,20.5,-
A,BM-5A-150-T2FG*,150,5,2517,2,155.6,60,"2½""",80,35.5,-
A,BM-6A-150-T2FG,150,6,2517,2,155.6,60,"2½""",95,50.5,-
A,BM-1A-160-T1FG*,160,1,1610,1,165.6,42,"1⅝""",20,5.4,-
A,BM-2A-160-T2FG,160,2,2012,2,165.6,50,2,35,3.2,-
A,BM-3A-160-T2FG*,160,3,2517,2,165.6,60,"2½""",50,5.5,-
A,BM-4A-160-T2FG*,160,4,2517,2,165.6,60,"2½""",65,20.5,-
A,BM-5A-160-T2FG,160,5,2517,2,165.6,60,2½,80,35.5,-
A,BM-6A-160-T3FG,160,6,2517,3,165.6,60,"2½""",95,-,-
A,BM-1A-170-T1FG*,170,1,1610,1,175.6,42,"1⅝""",20,5.4,-
A,BM-2A-170-T2FG,170,2,2012,2,175.6,50,2,35,3.2,-
A,BM-3A-170-T2FG*,170,3,2517,2,175.6,60,"2½""",50,5.5,-
A,BM-4A-170-T2FG*,170,4,2517,2,175.6,60,"2½""",65,20.5,-
A,BM-5A-170-T2FG,170,5,2517,2,175.6,60,"2½""",80,35.5,-
A,BM-6A-170-T3FG,170,6,2517,3,175.6,60,"2½""",95,-,-
A,BM-1A-180-T1FG*,180,1,1610,1,185.6,42,"1⅝""",20,5.4,-
A,BM-2A-180-T2FG*,180,2,2012,2,185.6,50,2,35,3.2,-
A,BM-3A-180-T2FG*,180,3,2517,2,185.6,60,2½,50,5.5,-
A,BM-4A-180-T2FG*,180,4,2517,2,185.6,60,"2½""",65,20.5,-
A,BM-5A-180-T2FG*,180,5,3020,2,185.6,75,"3""",80,29.2,-
A,BM-6A-180-T3FG,180,6,3020,3,185.6,75,"3""",95,44.2,-
A,BM-1A-190-T1FG*,190,1,2012,1,195.6,50,"1⅝""",20,11.8,-
A,BM-2A-190-T6FG*,190,2,2012,6,195.6,50,2,35,3.2,3.2
,,,,,,,,,,,
A,BM-3A-190-T2FG*,190,3,2517,2,195.6,60,"2½""",50,5.5,-
A,BM-4A-190-T2FG*,190,4,3020,2,195.6,75,"3""",65,14.2,-
,,,,,,,,,,,
,,,,,,,,,,,
,,,,,,,,,,,
,,,,,,,,,,,
,,,,,,,,,,,
,,,,,,,,,,,
,,,,,,,,,,,
,,,,,,,,,,,
A,BM-5A-190-T2FG,190,5,3020,2,195.6,75,"3""",80,29.2,-
A,BM-6A-190-T3FG,190,6,3020,3,195.6,75,"3""",95,-,-
A,BM-1A-200-T1FG*,200,1,2012,1,205.6,50,"2""",20,11.8,-
A,BM-2A-200-T8FG*,200,2,2517,8,205.6,60,"2½""",35,9.5,9.5
A,BM-3A-200-T5SG*,200,3,2517,5,205.6,60,"2½""",50,5.5,5.5
A,BM-4A-200-T2FG*,200,4,3020,2,205.6,75,"3""",65,14.2,-
A,BM-5A-200-T2FG*,200,5,3020,2,205.6,75,"3""",80,29.2,-
A,BM-6A-200-T2FG,200,6,3020,2,205.6,75,"3""",95,44.2,-
A,BM-1A-212-T1FG*,212,1,2012,1,217.6,50,"2""",20,24.5,-
A,BM-2A-212-T8FG*,212,2,2517,8,217.6,60,"2½""",35,9.5,9.5
A,BM-3A-212-T5SG*,212,3,2517,5,217.6,60,"2½""",50,5.5,5.5
A,BM-4A-212-T2FG*,212,4,3020,2,217.6,75,"3""",65,14.2,-
A,BM-5A-212-T2FG,212,5,3020,2,217.6,75,"3""",80,29.2,-
A,BM-6A-212-T3FG,212,6,3020,3,217.6,75,"3""",95,44.2,-
A,BM-1A-224-T1FG*,224,1,2012,1,229.6,50,"2""",20,11.8,-
A,BM-2A-224-T2FG*,224,2,2517,2,229.6,60,"2½""",35,9.5,-
A,BM-3A-224-T2FG*,224,3,2517,2,229.6,60,"2½""",50,5.5,-
A,BM-4A-224-T2FG*,224,4,3020,2,229.6,75,"3""",65,14.2,-
A,BM-5A-224-T2FG,224,5,3020,2,229.6,75,"3""",80,29.2,-
A,BM-6A-224-T3FG,224,6,3020,3,229.6,75,"3""",95,44.2,-
A,BM-1A-236-T1FG,236,1,2012,1,241.6,50,"2""",20,11.8,-
A,BM-2A-236-T8FG,236,2,2517,8,241.6,60,"2½""",35,9.5,9.5
A,BM-3A-236-T2FG,236,3,2517,2,241.6,60,"2½""",50,5.5,-
A,BM-4A-236-T2FG,236,4,3020,2,241.6,75,"3""",65,14.2,-
A,BM-5A-236-T2FG,236,5,3020,2,241.6,75,"3""",80,29.2,-
A,BM-6A-236-T3FG,236,6,3020,3,241.6,75,"3""",95,44.2,-
A,BM-1A-250-T4FG*,250,1,2012,4,255.6,50,"2""",20,11.8,11.8
A,BM-2A-250-T4FG*,250,2,2517,4,255.6,60,"2½""",35,9.5,9.5
A,BM-3A-250-T7FG*,250,3,2517,7,255.6,60,"2½""",50,5.5,5.5
A,BM-4A-250-T7FG*,250,4,3020,7,255.6,75,"3""",65,14.2,14.2
A,BM-5A-250-T7FG,250,5,3020,7,255.6,75,"3""",80,29.2,29.2
A,BM-6A-250-T7FG,250,6,3020,7,255.6,75,"3""",95,44.2,44.2
A,BM-1A-265-T1FG,265,1,2012,1,270.6,50,"2""",20,11.8,-
A,BM-2A-265-T8FG,265,2,2517,8,270.6,60,"2½""",35,9.5,9.5
A,BM-3A-265-T7FG,265,3,2517,7,270.6,60,"2½""",50,5.5,5.5
A,BM-4A-265-T7FG*,265,4,3020,7,270.6,75,"3""",65,14.2,14.2
A,BM-5A-265-T7FG,265,5,3020,7,270.6,75,"3""",80,29.2,29.2
A,BM-6A-265-T7FG,265,6,3020,7,270.6,75,"3""",95,44.2,44.2
,,,,,,,,,,,
,,,,,,,,,,,
,,,,,,,,,,,
,,,,,,,,,,,
,,,,,,,,,,,
,,,,,,,,,,,
,,,,,,,,,,,
,,,,,,,,,,,
,,,,,,,,,,,
,,,,,,,,,,,
,,,,,,,,,,,
A,BM-1A-280-T1FG,280,1,2012,1,285.6,50,"2""",20,11.8,-
A,BM-2A-280-T8FG,280,2,2517,8,285.6,60,"2½""",35,9.5,9.5
A,BM-3A-280-T7FG,280,3,2517,7,285.6,60,"2½""",50,5.5,5.5
A,BM-4A-280-T7FG*,280,4,3020,7,285.6,75,"3""",65,14.2,14.2
A,BM-5A-280-T8FG,280,5,3535,8,285.6,90,"3½""",80,9,9
A,BM-6A-280-T7FG,280,6,3535,7,285.6,90,"3½""",95,6,6
A,BM-1A-300-T1FG*,300,1,2012,1,305.6,50,"2""",20,11.8,-
A,BM-2A-300-T8FG*,300,2,2517,8,305.6,60,"2½""",35,9.5,9.5
A,BM-3A-300-T7FG*,300,3,2517,7,305.6,60,"2½""",50,5.5,5.5
A,BM-4A-300-T7FG*,300,4,3020,7,305.6,75,"3""",65,14.2,14.2
A,BM-5A-300-T8FG,300,5,3535,8,305.6,90,"3½""",80,9,9
A,BM-6A-300-T7FG,300,6,3535,7,305.6,90,"3½""",95,6,6
A,BM-1A-315-T1FG,315,1,2012,1,320.6,50,"2""",20,11.8,-
A,BM-2A-315-T4FG,315,2,2517,4,320.6,60,2½,35,9.5,9.5
A,BM-3A-315-T8FG,315,3,3020,8,320.6,75,"3""",50,0.8,0.8
A,BM-4A-315-T7FG*,315,4,3020,7,320.6,75,"3""",65,14.2,14.2
A,BM-5A-315-T5FG,315,5,3535,5,320.6,90,"3½""",80,9,9
A,BM-6A-315-T5FG,315,6,3535,5,320.6,90,"3½""",95,6,6
A,BM-1A-335-T1FG*,335,1,2012,1,340.6,50,"2""",20,11.8,-
A,BM-2A-335-T4FG*,335,2,2517,4,340.6,60,"2½""",35,9.5,9.5
A,BM-3A-335-T8FG,335,3,3020,8,340.6,75,"3""",50,0.8,0.8
A,BM-4A-335-T7FG,335,4,3020,7,340.6,75,"3""",65,14.2,14.2
A,BM-5A-335-T8FG,335,5,3535,8,340.6,90,"3½""",80,9,9
A,BM-6A-335-T7FG,335,6,3535,7,340.6,90,"3½""",95,6,6
A,BM-1A-355-T1FG*,355,1,2012,1,360.6,50,"2""",20,11.8,-
A,BM-2A-355-T4FG,355,2,2517,4,360.6,60,"2½""",35,9.5,9.5
A,BM-3A-355-T4FG,355,3,3020,4,360.6,75,"3""",50,0.8,0.8
A,BM-4A-355-T5FG*,355,4,3020,5,360.6,75,"3""",65,14.2,14.2
A,BM-5A-355-T4FG,355,5,3535,4,360.6,90,"3½""",80,9,9
A,BM-6A-355-T5FG,355,6,3535,5,360.6,90,"3½""",95,6,6
A,BM-1A-375-T1FG,375,1,2012,1,380.6,50,"2""",20,11.8,11.8
A,BM-2A-375-T4FG,375,2,2517,4,380.6,60,"2½""",35,9.5,9.5
A,BM-3A-375-T4FG,375,3,3020,4,380.6,75,"3""",50,0.8,0.8
A,BM-4A-375-T5FG,375,4,3020,5,380.6,75,"3""",65,14.2,14.2
A,BM-5A-375-T4FG,375,5,3535,4,380.6,90,"3½""",80,9,9
A,BM-6A-375-T5FG,375,6,3535,5,380.6,90,"3½""",95,6,6
A,BM-1A-400-T4FG,400,1,3525,4,405.6,50,"2""",20,43.5,43.5
A,BM-2A-400-T4SG*,400,2,3525,4,405.6,60,,35,28.5,28.5
,,,,,,,,"2½""",,,
,,,,,,,,,,,
,,,,,,,,,,,
,,,,,,,,,,,
,,,,,,,,,,,
A,BM-3A-400-T4FG*,400,3,3535,4,405.6,75,"3""",50,39,39
A,BM-4A-400-T5FG,400,4,3020,5,405.6,75,"3""",65,14.2,14.2
A,BM-5A-400-T4FG,400,5,3535,4,405.6,90,"3½""",80,9,9
A,BM-6A-400-T5FG,400,6,3535,5,405.6,90,"3½""",95,6,6
A,BM-1A-425-T4FG,425,1,2012,4,430.6,50,"2""",20,11.8,11.8
A,BM-2A-425-T4FG,425,2,2517,4,430.6,60,"2½""",35,9.5,9.5
A,BM-3A-425-T4FG,425,3,3020,4,430.6,75,"3""",50,0.8,0.8
A,BM-4A-425-T5FG,425,4,3020,5,430.6,75,"3""",65,14.2,14.2
A,BM-5A-425-T4FG,425,5,3535,4,430.6,90,"3½""",80,9,9
A,BM-6A-425-T5FG,425,6,3535,5,430.6,90,"3½""",95,6,6
A,BM-1A-450-T4FG,450,1,2012,4,455.6,50,"2""",20,11.8,11.8
A,BM-2A-450-T4FG,450,2,2517,4,455.6,60,"2½""",35,9.5,9.5
A,BM-3A-450-T4FG,450,3,3020,4,455.6,75,"3""",50,0.8,0.8
A,BM-4A-450-T5FG,450,4,3020,5,455.6,75,"3""",65,14.2,14.2
A,BM-5A-450-T4FG,450,5,3535,4,455.6,90,"3½""",80,9,9
A,BM-6A-450-T5FG,450,6,3535,5,455.6,90,"3½""",95,6,6
A,BM-1A-475-T4FG,475,1,2012,4,480.6,50,"2""",20,11.8,11.8
A,BM-2A-475-T4FG,475,2,2517,4,480.6,60,2½,35,9.5,9.5
A,BM-3A-475-T4FG,475,3,3020,4,480.6,75,"3""",50,0.8,0.8
A,BM-4A-475-T5FG,475,4,3020,5,480.6,75,"3""",65,14.2,14.2
A,BM-5A-475-T4FG,475,5,3535,4,480.6,90,"3½""",80,9,9
A,BM-6A-475-T5FG,475,6,3535,5,480.6,90,"3½""",95,6,6
A,BM-1A-500-T4FG,500,1,2517,4,505.6,60,"2½""",20,24.5,24.5
A,BM-2A-500-T4FG,500,2,2517,4,505.6,60,"2½""",35,9.5,9.5
A,BM-3A-500-T4FG,500,3,3020,4,505.6,75,"3""",50,0.8,0.8
A,BM-4A-500-T5FG,500,4,3020,5,505.6,75,"3""",65,14.2,14.2
A,BM-5A-500-T4FG,500,5,3535,4,505.6,90,"3½""",80,9,9
A,BM-6A-500-T5FG,500,6,3535,5,505.6,90,"3½""",95,6,6
A,BM-1A-530-T4FG,530,1,2517,4,535.6,60,"2½""",20,24.5,24.5
A,BM-2A-530-T4FG,530,2,2517,4,535.6,60,2½,35,9.5,9.5
A,BM-3A-530-T4FG,530,3,3020,4,535.6,75,"3""",50,0.8,0.8
A,BM-4A-530-T5FG,530,4,3020,5,535.6,75,"3""",65,14.2,14.2
A,BM-5A-530-T4FG,530,5,3535,4,535.6,90,"3½""",80,9,9
A,BM-6A-530-T5FG,530,6,3535,5,535.6,90,"3½""",95,6,6
A,BM-1A-560-T4FG,560,1,3020,4,565.6,75,"3""",20,30.8,30.8
A,BM-2A-560-T4FG,560,2,3020,4,565.6,75,"3""",35,15.8,15.8
A,BM-3A-560-T4FG,560,3,3020,4,565.6,75,"3""",50,0.8,0.8
A,BM-4A-560-T4FG,560,4,3535,4,565.6,90,"3½""",65,24,24
,,,,,,,,,,,
,,,,,,,,,,,
,,,,,,,,,,,
,,,,,,,,,,,
A,BM-5A-560-T4FG,560,5,3535,4,565.6,90,"3½""",80,9,9
A,BM-6A-560-T5FG,560,6,3535,5,565.6,90,"3½""",95,6,6
A,BM-1A-630-T4FG,630,1,3020,4,635.6,75,"3""",20,30.8,30.8
A,BM-2A-630-T4FG**,630,2,3020,4,635.6,75,"3""",35,15.8,15.8
A,BM-3A-630-T4FG*,630,3,3020,4,635.6,75,"3""",50,0.8,0.8
A,BM-4A-630-T4FG*,630,4,3535,4,635.6,90,"3½""",65,24,24
A,BM-5A-630-T4FG,630,5,3535,4,635.6,90,"3½""",80,9,9
A,BM-6A-630-T4FG,630,6,4040,4,635.6,100,"4""",95,7,7
A,BM-3A-710-T4FG,710,3,3020,4,715.6,75,"3""",50,0.8,0.8
A,BM-4A-710-T4FG,710,4,3535,4,715.6,90,"3½""",65,24,24
A,BM-5A-710-T4FG,710,5,3535,4,715.6,90,"3½""",80,9,9
A,BM-6A-710-T4FG,710,6,4040,4,715.6,100,"4""",95,7,7
A,BM-3A-800-T4FG,800,3,3535,4,805.6,90,"3½""",50,39,39
A,BM-4A-800-T4FG,800,4,3535,4,805.6,90,"3½""",65,24,24
A,BM-5A-800-T4FG,800,5,4040,4,805.6,100,"4""",80,22,22
A,BM-6A-800-T4FG,800,6,4040,4,805.6,100,"4""",95,7,7
,,,,,,,,,,,
,,,,,,,,,,,
,,,,,,,,,,,
,,,,,,,,,,,
,,,,,,,,,,,
,,,,,,,,,,,
,,,,,,,,,,,
,,,,,,,,,,,
,,,,,,,,,,,
B,BM-1B-100-T1FG,100,1,1610,1,107,42,"1⅝""",25,0.4,-
B,BM-2B-100-T6FG*,100,2,1610,6,107,42,"1⅝""",44,18.6,-
B,BM-3B-100-T3FG,100,3,1610,3,107,42,"1⅝""",63,-,-
,,,,,,,,,,,
B,BM-1B-106-T1FG,106,1,1610,1,113,42,"1⅝""",25,0.4,-
B,BM-2B-106-T6FG,106,2,1610,6,113,42,"1⅝""",44,18.6,-
B,BM-3B-106-T6FG,106,3,1610,6,113,42,"1⅝""",63,37.6,-
B,BM-1B-112-T1FG,112,1,1610,1,119,42,"1⅝""",25,0.4,-
B,BM-2B-112-T2FG,112,2,1610,2,119,42,"1⅝""",44,18.6,-
B,BM-3B-112-T2FG,112,3,1610,2,119,42,"1⅝""",63,37.6,-
B,BM-1B-118-T1FG,118,1,1610,1,125,42,"1⅝""",25,0.4,-
B,BM-2B-118-T2FG,118,2,1610,2,125,42,"1⅝""",44,18.6,-
B,BM-3B-118-T2FG,118,3,1610,2,125,42,"1⅝""",63,37.6,-
B,BM-1B-125-T1FG*,125,1,1610,1,132,42,"1⅝""",25,0.4,-
B,BM-2B-125-T6FG*,125,2,2012,6,132,42,"1⅝""",44,12.2,-
B,BM-3B-125-T6FG*,125,3,1610,6,132,42,"1⅝""",63,37.6,-
B,BM-4B-125-T3FG,125,4,2012,3,132,50,"2""",82,-,-
B,BM-5B-125-T3FG,125,5,2012,3,132,50,"2""",101,-,-
B,BM-6B-125-T3FG,125,6,2012,3,132,50,"2""",120,-,-
B,BM-1B-132-T1FG,132,1,1610,1,139,42,"1⅝""",25,0.4,-
B,BM-2B-132-T6FG,132,2,1610,6,139,42,"1⅝""",44,18.6,-
B,BM-3B-132-T6FG,132,3,1610,6,139,42,"1⅝""",63,37.6,-
B,BM-4B-132-T3FG,132,4,2012,3,139,50,"2""",82, -,-
B,BM-5B-132-T2FG,132,5,2012,2,139,50,"2""",101,69.2,-
B,BM-6B-132-T3FG,132,6,2012,3,139,50,"2""",120, -,-
B,BM-1B-140-T1FG,140,1,1610,1,147,42,"1⅝""",25,0.4,-
B,BM-2B-140-T6FG*,140,2,1610,6,147,42,"1⅝""",44,18.6,-
B,BM-3B-140-T6FG*,140,3,1610,6,147,42,"1⅝""",63,37.6,-
B,BM-4B-140-T2FG*,140,4,2012,2,147,50,"2""",82, -,-
B,BM-5B-140-T2FG,140,5,2517,2,147,50,"2""",101,56.5,-
B,BM-6B-140-T3FG*,140,6,2012,3,147,60,"2½""",120, -,-
B,BM-1B-150-T1FG,150,1,2517,1,157,42,"1⅝""",25,19.5,-
B,BM-2B-150-T5FG*,150,2,2012,5,157,42,"1⅝""",44,12.2,12.2
,,,,,,,,,,,
,,,,,,,,,,,
,,,,,,,,,,,
,,,,,,,,,,,
,,,,,,,,,,,
,,,,,,,,,,,
,,,,,,,,,,,
,,,,,,,,,,,
B,BM-3B-150-T2FG*,150,3,2012,2,157,50,"2""",63,31.2,31.2
B,BM-4B-150-T2FG,150,4,2517,2,157,50,"2""",82,37.5,37.5
B,BM-5B-150-T2FG**,150,5,2517,2,157,60,"2½""",101,56.5,-
B,BM-6B-150-T2FG*,150,6,2517,2,157,60,"2½""",120,44.5,-
B,BM-8B-150-T3FG,150,8,2517,3,157,60,"2½""",158, -,-
B,BM-1B-160-T1FG,160,1,1610,1,167,42,"1⅝""",25,19.5,-
B,BM-2B-160-T6FG,160,2,2012,6,167,50,"2""",44,12.2,-
B,BM-3B-160-T6FG*,160,3,2517,6,167,60,"2½""",63,18.5,-
B,BM-4B-160-T3FG*,160,4,2517,3,167,60,"2½""",82,,-
B,BM-5B-160-T2FG*,160,5,2517,2,167,60,"2½""",101,,-
B,BM-6B-160-T2FG*,160,6,2517,2,167,60,"2½""",120,44.5,-
B,BM-8B-160-T3FG,160,8,3020,3,167,75,"3""",158,,-
B,BM-1B-170-T1FG,170,1,1610,1,177,42,"1⅝""",25,0.4,-
B,BM-2B-170-T6FG,170,2,2012,6,177,50,"2""",44,12.2,-
B,BM-3B-170-T2FG*,170,3,2517,2,177,60,"2½""",63,18.5,-
B,BM-4B-170-T3FG,170,4,2517,3,177,60,"2½""",82, -,-
B,BM-5B-170-T3FG,170,5,3020,3,177,75,"3""",101,50.2,-
B,BM-6B-170-T2FG,170,6,3020,2,177,75,"3""",120,69.2,-
B,BM-8B-170-T3FG,170,8,3020,3,177,75,"3""",158, -,-
B,BM-1B-180-T1FG,180,1,1610,1,187,42,"1⅝""",25,0.4,-
B,BM-2B-180-T6FG*,180,2,2012,6,187,50,"2""",44,12.2,-
B,BM-3B-180-T2FG**,180,3,2517,2,187,60,"2½""",63,18.5,-
B,BM-4B-180-T3FG*,180,4,2517,3,187,60,"2½""",82, -,-
B,BM-5B-180-T3FG**,180,5,3020,3,187,75,"3""",101, -,-
B,BM-6B-180-T2FG*,180,6,3020,2,187,75,"3""",120,69.2,-
B,BM-8B-180-T3FG,180,8,3030,3,187,75,"3""",158, -,-
B,BM-1B-190-T1FG,190,1,2012,1,197,50,"2""",25,6.8,-
B,BM-2B-190-T1FG*,190,2,2517,1,197,60,"2½""",44,0.5,-
B,BM-3B-190-T2FG*,190,3,2517,2,197,60,"2½""",63,18.5,-
B,BM-4B-190-T2FG*,190,4,3020,2,197,60,"2½""",82,31.2,-
B,BM-5B-190-T2FG*,190,5,3020,2,197,75,"3""",101,50.2,-
B,BM-6B-190-T2FG,190,6,3020,2,197,75,"3""",120,69.2,-
B,BM-8B-190-T3FG,190,8,3030,3,197,75,"3""",158, -,-
B,BM-1B-200-T1FG,200,1,2012,1,207,50,"2""",25,6.8,-
B,BM-2B-200-T2FG,200,1,2517,1,207,50,"2""",25,19.5,-
,,,,,,,,,,,
,,,,,,,,,,,
,,,,,,,,,,,
,,,,,,,,,,,
,,,,,,,,,,,
,,,,,,,,,,,
B,BM-3B-200-T5SG*,200,3,2517,5,207,60,"2½""",63,18.5,-
B,BM-4B-200-T2FG,200,4,3020,2,207,75,"3""",82,31.2,-
B,BM-5B-200-T2FG*,200,5,3020,2,207,75,"3""",101,50.2,-
B,BM-6B-200-T2FG*,200,6,3020,2,207,75,"3""",120,69.2,-
B,BM-8B-200-T2FG,200,8,3535,2,207,90,"3½""",158,69,-
B,BM-1B-212-T1FG,212,1,2012,1,219,50,"2""",25,6.8,-
B,BM-2B-212-T1FG,212,2,2517,1,219,60,"2½""",44,0.5,-
B,BM-3B-212-T5SG*,212,3,2517,5,219,60,"2½""",63,9.25,9.25
B,BM-4B-212-T2FG*,212,4,3020,2,219,75,"3""",82,31.2,-
B,BM-5B-212-T2FG*,212,5,3020,2,219,75,"3""",101,50.2,-
B,BM-6B-212-T2FG*,212,6,3525,2,219,75,"3""",120,56.5,-
B,BM-8B-212-T3FG,212,8,3535,3,219,90,"3½""",158, -,-
B,BM-1B-224-T1FG,224,1,2012,1,231,50,"2""",25,6.5,-
B,BM-2B-224-T1FG*,224,2,2517,1,231,60,"2½""",44,0.5,-
B,BM-3B-224-T2FG*,224,3,2517,2,231,60,"2½""",63,15.5,-
B,BM-4B-224-T2FG*,224,4,3020,2,231,75,"3""",82,31.2,-
B,BM-5B-224-T2FG**,224,5,3020,2,231,75,"3""",101,50.2,-
B,BM-6B-224-T2FG*,224,6,3020,2,231,75,"3""",120,69.2,-
B,BM-8B-224-T3FG,224,8,3535,3,231,90,"3½""",158,69,-
B,BM-10B-224-T3FG,224,10,3535,3,231,90,"3½""",196,107,-
B,BM-1B-236-T1FG,236,1,2012,1,243,50,"2""",25,6.8,-
B,BM-2B-236-T1FG,236,2,2517,1,243,60,"2½""",44,0.5,-
B,BM-3B-236-T2FG,236,3,2517,2,243,60,"2½""",63,18.5,-
B,BM-4B-236-T2FG*,236,4,3020,2,243,75,"3""",82,31.2,-
B,BM-5B-236-T2FG,236,5,3525,2,243,75,"3""",101,37.5,-
B,BM-6B-236-T2FG*,236,6,3525,2,243,75,"3""",120,56.5,-
B,BM-8B-236-T2FG,236,8,4040,2,243,90,"3½""",158,56,-
B,BM-10B-236-T3FG,236,10,3535,3,243,90,"3½""",196,107,-
B,BM-1B-250-T1FG*,250,1,2012,1,257,50,"2""",25,6.8,-
B,BM-2B-250-T5FG*,250,2,2517,5,257,60,"2½""",44,0.25,0.25
,,,,,,,,,,,
B,BM-3B-250-T5SG*,250,3,3020,5,257,75,"3""",63,6.1,6.1
B,BM-4B-250-T2FG*,250,4,3020,2,257,75,"3""",82,31.2,-
B,BM-5B-250-T2FG**,250,5,3525,2,257,75,"3""",101,37.5,-
B,BM-6B-250-T2FG*,250,6,3525,2,257,75,"3""",120,56.5,-
B,BM-8B-250-T3FG,250,8,3535,3,257,90,"3½""",158,69,-
B,BM-10B-250-T3FG,250,10,3535,3,257,90,"3½""",196,107,-
B,BM-1B-265-T1FG,265,1,2012,1,272,50,"2""",25,6.8,-
B,BM-2B-265-T4FG,265,2,3020,4,272,60,"2½""",44,3.4,3.4
B,BM-3B-265-T5FG,265,3,3020,5,272,75,"3""",63,6.1,6.1
,,,,,,,,,,,
,,,,,,,,,,,
,,,,,,,,,,,
,,,,,,,,,,,
B,BM-4B-265-T7FG*,265,4,3020,7,272,75,"3""",82,15.6,15.6
B,BM-5B-265-T7FG,265,5,3535,7,272,90,"3½""",101,6,6
B,BM-6B-265-T7FG*,265,6,3535,7,272,90,"3½""",120,15.5,15.5
B,BM-8B-265-T3FG,265,8,3535,3,272,90,"3½""",158,,-
B,BM-10B-265-T3FG,265,10,3535,3,272,90,"3½""",196, -,-
B,BM-1B-280-T1FG,280,1,2012,1,287,50,"2""",25,6.8,-
B,BM-2B-280-T4FG*,280,2,2517,4,287,60,"2½""",44,0.5,0.5
B,BM-3B-280-T5FG,280,3,3020,5,287,75,"3""",63,12.2,12.2
B,BM-4B-280-T5FG*,280,4,3020,5,287,75,"3""",82,31.2,31.2
B,BM-5B-280-T7FG,280,5,3535,7,287,90,"3½""",101,6,6
B,BM-6B-280-T7FG*,280,6,3535,7,287,90,"3½""",120,15.5,15.5
B,BM-8B-280-T7FG,280,8,3535,7,287,90,"3½""",158,34.5,34.5
B,BM-10B-280-T7FG,280,10,3535,7,287,90,"3½""",196,53.5,53.5
B,BM-1B-300-T1FG,300,1,2012,1,307,50,"2""",25,6.8,-
B,BM-2B-300-T8FG*,300,2,2517,8,307,60,2½,44,0.5,0.5
B,BM-3B-300-T5SG*,300,3,3020,5,307,75,"3""",63,12.2,12.2
B,BM-4B-300-T4SG,300,4,3535,4,307,90,3½,82,3.5,3.5
B,BM-5B-300-T5SG,300,5,3535,5,307,90,3½,101,6,6
B,BM-6B-300-T7FG,300,6,3535,7,307,90,3½,120,15.5,15.5
B,BM-6B-300-T5SG,300,6,3535,5,307,90,3½,120,15.5,15.5
B,BM-8B-300-T7FG,300,8,3535,7,307,90,3½,158,34.5,34.5
B,BM-10B-300-T7FG,300,10,3535,7,307,90,3½,196,53.5,53.5
B,BM-1B-315-T4FG,315,1,2517,4,322,50,"2""",25,9.75,9.75
B,BM-2B-315-T8FG,315,2,2517,8,322,60,2½,44,0.5,0.5
B,BM-3B-315-T7FG,315,3,3020,7,322,75,"3""",63,6.1,6.1
B,BM-4B-315-T5FG*,315,4,3535,5,322,90,3½,82,3.5,3.5
B,BM-5B-315-T5FG**,315,5,3535,5,322,90,3½,101,6,6
B,BM-6B-315-T5FG*,315,6,3535,5,322,90,3½,120,15.5,15.5
B,BM-8B-315-T7FG,315,8,3535,7,322,90,3½,158,34.5,34.5
B,BM-10B-315-T7FG,315,10,3535,7,322,90,3½,196,53.5,53.5
B,BM-2B-335-T8FG*,335,2,2517,8,342,60,2½,44,1,1
B,BM-3B-335-T7FG,335,3,3020,7,342,75,"3""",63,6.1,6.1
B,BM-4B-335-T8FG,335,4,3535,8,342,90,3½,82,3.5,3.5
B,BM-5B-335-T7FG,335,5,3535,7,342,90,3½,101,6,6
B,BM-6B-335-T7FG,335,6,3535,7,342,90,3½,120,15.5,15.5
B,BM-8B-335-T7FG,335,8,3535,7,342,90,3½,158,34.5,34.5
B,BM-10B-335-T7FG,335,10,4040,7,342,100,"4""",196,47,47
B,BM-2B-355-T4SG*,355,2,3020,4,362,75,"3""",44,3.4,3.4
,,,,,,,,,,,
B,BM-3B-355-T5FG*,355,3,3020,5,362,75,"3""",63,6.1,6.1
B,BM-4B-355-T8FG*,355,4,3535,8,362,90,3½,82,3.5,3.5
,,,,,,,,,,,
,,,,,,,,,,,
,,,,,,,,,,,
,,,,,,,,,,,
,,,,,,,,,,,
,,,,,,,,,,,
,,,,,,,,,,,
,,,,,,,,,,,
B,BM-5B-355-T7FG,355,5,3535,7,362,90,3½,101,6,6
B,BM-6B-355-T5FG*,355,6,3535,5,362,90,3½,120,15.5,15.5
B,BM-8B-355-T7FG,355,8,3535,7,362,90,3½,158,34.5,34.5
B,BM-10B-355-T7FG,355,10,4040,7,362,100,"4""",196,47,47
B,BM-2B-375-T4FG,375,2,3020,4,382,75,"3""",44,3.4,3.4
B,BM-3B-375-T4FG,375,3,3535,4,382,90,3½,63,13,13
B,BM-4B-375-T4FG*,375,4,3535,4,382,90,3½,82,3.5,3.5
B,BM-5B-375-T5FG**,375,5,3535,5,382,90,3½,101,6,6
B,BM-6B-375-T5FG*,375,6,3535,5,382,90,3½,120,15.5,15.5
B,BM-8B-375-T5FG,375,8,4040,5,382,100,"4""",158,28,28
B,BM-10B-375-T5FG,375,10,4040,5,382,100,"4""",196,47,47
B,BM-2B-400-T4FG*,400,2,3020,4,407,75,"3""",44,3.4,3.4
B,BM-2B-400-T4SG*,400,2,3020,4,407,75,"3""",44,3.4,3.4
B,BM-3B-400-T4FG*,400,3,3535,4,407,90,3½,63,13,13
B,BM-4B-400-T4FG,400,4,3535,4,407,90,3½,82,3.5,3.5
B,BM-5B-400-T5FG**,400,5,3535,5,407,90,3½,101,6,6
B,BM-6B-400-T4FG*,400,6,3535,4,407,90,3½,120,15.5,15.5
,,,,,,,,,,,
B,BM-8B-400-T7FG*,400,8,4040,7,407,100,"4""",158,28,28
,,,,,,,,,,,
B,BM-10B-400-T5FG,400,10,4040,5,407,100,"4""",196,47,47
B,BM-2B-425-T4FG,425,2,3020,4,432,75,"3""",44,3.4,3.4
B,BM-3B-425-T4FG,425,3,3535,4,432,90,3½,63,13,13
B,BM-4B-425-T4FG,425,4,3535,4,432,90,3½,82,3.5,3.5
B,BM-5B-425-T5FG**,425,5,3535,5,432,90,3½,101,6,6
B,BM-6B-425-T5FG*,425,6,3535,5,432,90,3½,120,45.5,45.5
B,BM-8B-425-T5FG,425,8,4040,5,432,100,"4""",158,28,28
B,BM-10B-425-T5FG,425,10,4040,5,432,100,"4""",196,47,47
B,BM-2B-450-T4FG,450,2,3020,4,457,75,"3""",44,3.4,3.4
B,BM-3B-450-T4FG,450,3,3535,4,457,90,3½,63,13,13
B,BM-4B-450-T4FG,450,4,3535,4,457,90,3½,82,3.5,3.5
B,BM-5B-450-T5FG,450,5,3535,5,457,90,3½,101,6,6
B,BM-6B-450-T5FG,450,6,4040,5,457,100,"4""",120,9,9
B,BM-8B-450-T5FG,450,8,4545,5,457,110,"4½""",158,22,22
B,BM-10B-450-T5FG,450,10,4545,5,457,110,"4½""",196,41,41
B,BM-2B-475-T4FG,475,2,3020,4,482,75,"3""",44,3.4,3.4
B,BM-3B-475-T4FG,475,3,3535,4,482,90,3½,63,13,13
B,BM-4B-475-T4FG,475,4,3535,4,482,90,3½,82,3.5,3.5
B,BM-5B-475-T5FG,475,5,3535,5,482,90,3½,101,6,6
B,BM-6B-475-T5FG,475,6,4040,5,482,100,"4""",120,9,9
B,BM-8B-475-T5FG,475,8,4545,5,482,110,"4½""",158,22,22
B,BM-10B-475-T5FG,475,10,4545,5,482,110,"4½""",196,41,41
,,,,,,,,,,,
,,,,,,,,,,,
,,,,,,,,,,,
,,,,,,,,,,,
,,,,,,,,,,,
,,,,,,,,,,,
,,,,,,,,,,,
,,,,,,,,,,,
B,BM-2B-500-T4FG,500,2,3020,4,507,75,"3""",44,3.4,3.4
B,BM-3B-500-T4FG,500,3,3535,4,507,90,"3½""",63,13,13
B,BM-4B-500-T4FG**,500,4,3535,4,507,90,"3½""",82,3.5,3.5
B,BM-5B-500-T5FG*,500,5,3535,5,507,90,"3½""",101,6,6
B,BM-6B-500-T5FG*,500,6,4040,5,507,100,"4""",120,9,9
B,BM-8B-500-T5FG,500,8,4545,5,507,110,"4½""",158,22,22
B,BM-10B-500-T5FG,500,10,4545,5,507,110,"4½""",196,41,41
B,BM-2B-530-T4FG,530,2,3020,4,537,75,"3""",44,3.4,3.4
B,BM-3B-530-T4FG,530,3,3535,4,537,90,"3½""",63,13,13
B,BM-4B-530-T4FG,530,4,3535,4,537,90,"3½""",82,3.5,3.5
B,BM-5B-530-T4FG,530,5,4040,4,537,100,"4""",101,0.5,0.5
B,BM-6B-530-T5FG,530,6,4040,5,537,100,"4""",120,9,9
B,BM-8B-530-T5FG,530,8,4545,5,537,110,"4½""",158,22,22
B,BM-10B-530-T5FG,530,10,4545,5,537,110,"4½""",196,41,41
B,BM-2B-560-T4FG,560,2,3020,4,567,75,"3""",44,3.4,3.4
B,BM-3B-560-T4FG,560,3,3535,4,567,90,"3½""",63,13,13
B,BM-4B-560-T4FG,560,4,3535,4,567,90,"3½""",82,3.5,3.5
B,BM-5B-560-T4FG,560,5,4040,4,567,100,"4""",101,0.5,0.5
B,BM-6B-560-T5FG,560,6,4040,5,567,100,"4""",120,9,9
B,BM-8B-560-T5FG,560,8,4545,5,567,110,"4½""",158,22,22
B,BM-10B-560-T5FG,560,10,4545,5,567,110,"4½""",196,41,41
B,BM-2B-600-T4FG,600,2,3020,4,607,75,"3""",44,3.4,3.4
B,BM-3B-600-T4FG,600,3,3535,4,607,90,"3½""",63,13,13
B,BM-4B-600-T4FG,600,4,3535,4,607,90,"3½""",82,3.5,3.5
B,BM-5B-600-T4FG,600,5,4040,4,607,100,"4""",101,0.5,0.5
B,BM-6B-600-T5FG,600,6,4040,5,607,100,"4""",120,9,9
B,BM-8B-600-T5FG,600,8,4545,5,607,110,"4½""",158,22,22
B,BM-10B-600-T5FG,600,10,4545,5,607,110,"4½""",196,41,41
B,BM-2B-630-T4FG,630,2,3020,4,637,75,"3""",44,3.4,3.4
B,BM-3B-630-T4FG,630,3,3535,4,637,90,"3½""",63,13,13
B,BM-4B-630-T4FG,630,4,3535,4,637,90,"3½""",82,3.5,3.5
B,BM-5B-630-T4FG,630,5,4040,4,637,100,"4""",101,0.5,0.5
B,BM-6B-630-T4FG,630,6,4040,4,637,100,"4""",120,9,9
B,BM-8B-630-T5FG,630,8,4545,5,637,110,"4½""",158,22,22
B,BM-10B-630-T5FG,630,10,4545,5,637,110,"4½""",196,41,41
B,BM-2B-710-T4FG,710,2,3030,4,717,75,"3""",44,16.1,16.1
B,BM-3B-710-T4FG,710,3,3535,4,717,90,"3½""",63,13,13
B,BM-4B-710-T4FG,710,4,3535,4,717,90,"3½""",82,3.5,3.5
B,BM-5B-710-T4FG,710,5,4040,4,717,100,"4""",101,0.5,0.5
,,,,,,,,,,,
,,,,,,,,,,,
,,,,,,,,,,,
,,,,,,,,,,,
,,,,,,,,,,,
,,,,,,,,,,,
,,,,,,,,,,,
,,,,,,,,,,,
,,,,,,,,,,,
B,BM-6B-710-T5FG,710,6,4545,5,717,110,"4½""",120,3,3
B,BM-8B-710-T5FG,710,8,4545,5,717,110,"4½""",158,22,22
B,BM-10B-710-T5FG,710,10,4545,5,717,110,"4½""",196,41,41
B,BM-2B-762-T4FG,762,2,3030,4,769,75,"3""",44,16,16
B,BM-3B-762-T4FG,762,3,3535,4,769,90,"3½""",63,13,13
B,BM-4B-762-T4FG,762,4,4040,4,769,100,"4""",82,10,10
B,BM-5B-762-T4FG,762,5,4040,4,769,100,"4""",101,0.5,0.5
B,BM-6B-762-T5FG,762,6,4545,5,769,110,"4½""",120,3,3
B,BM-8B-762-T5FG,762,8,4545,5,769,110,"4½""",158,22,22
B,BM-10B-762-T5FG,762,10,4545,5,769,110,"4½""",196,41,41
B,BM-2B-800-T4FG,800,2,3030,4,807,75,"3""",44,16,16
B,BM-3B-800-T4FG,800,3,3535,4,807,90,"3½""",63,13,13
B,BM-4B-800-T4FG,800,4,4040,4,807,100,"4""",82,10,10
B,BM-5B-800-T4FG,800,5,4040,4,807,100,"4""",101,0.5,0.5
B,BM-6B-800-T5FG,800,6,4545,5,807,110,"4½""",120,3,3
B,BM-8B-800-T5FG,800,8,4545,5,807,110,"4½""",158,22,22
B,BM-10B-800-T5FG,800,10,4545,5,807,110,"4½""",196,41,41
B,BM-3B-900-T4FG,900,3,3535,4,907,90,"3½""",63,13,13
B,BM-4B-900-T4FG,900,4,4040,4,907,100,"4""",82,10,10
B,BM-5B-900-T4FG,900,5,4545,4,907,110,"4½""",101,6.5,6.5
B,BM-6B-900-T5FG,900,6,4545,5,907,110,"4½""",120,3,3
B,BM-8B-900-T5FG,900,8,4545,5,907,110,"4½""",158,22,22
B,BM-10B-900-T5FG,900,10,5050,5,907,125,"5""",196,34.5,34.5
B,BM-3B-1000-T4FG,1000,3,4040,4,1007,100,"4""",63,19.5,19.5
B,BM-4B-1000-T5FG,1000,4,4040,5,1007,100,"4""",82,10,10
B,BM-5B-1000-T6FG,1000,5,4545,6,1007,110,"4½""",101,6.5,6.5
B,BM-6B-1000-T5FG,1000,6,4545,5,1007,110,"4½""",120,3,3
B,BM-8B-1000-T6FG,1000,8,5050,6,1007,125,"5""",158,15.5,15.5
B,BM-10B-1000-T5FG,1000,10,5050,5,1007,125,"5""",196,34.5,34.5
B,BM-3B-1250-T4FG,1250,3,4040,4,1257,100,"4""",63,19.5,19.5
B,BM-4B-1250-T5FG,1250,4,4040,5,1257,100,"4""",82,10,10
B,BM-5B-1250-T6FG,1250,5,4545,6,1257,110,"4½""",101,6.5,6.5
B,BM-6B-1250-T4FG,1250,6,5050,4,1257,125,"5""",120,3.5,3.5
B,BM-8B-1250-T5FG,1250,8,5050,5,1257,125,"5""",158,15.5,15.5
B,BM-10B-1250-T5FG,1250,10,5050,5,1257,125,"5""",196,34.5,34.5
,,,,,,,,,,,
,,,,,,,,,,,
,,,,,,,,,,,
,,,,,,,,,,,
,,,,,,,,,,,
,,,,,,,,,,,
,,,,,,,,,,,
C,BM-3C-170-T2FG*,170,3,3020,2,179.6,75,"3""",85,34,-
C,BM-3C-180-T2FG*,180,3,3020,2,189.6,75,"3""",85,34,-
C,BM-3C-200-T2FG**,200,3,3020,2,209.6,75,"3""",85,34,-
C,BM-4C-200-T2FG*,200,4,3020,2,209.6,75,"3""",110.5,59.5,-
C,BM-5C-200-T2FG**,200,5,3535,2,209.6,90,"3½""",136,47,-
C,BM-6C-200-T2FG* ,200,6,3535,2,209.6,90,"3½""",161.5,72.5,-
C,BM-7C-200-T3FG,200,7,3535,3,209.6,90,"3½""",187,62,36
C,BM-8C-200-T3FG,200,8,3535,3,209.6,90,"3½""",212.5,78,46
C,BM-3C-212-T2FG* ,212,3,3020,2,221.6,75,"3""",85,34,-
C,BM-4C-212-T2FG**,212,4,3020,2,221.6,75,"3""",110.5,59.5,-
C,BM-5C-212-T2FG* ,212,5,3535,2,221.6,90,"3½""",136,47,-
C,BM-6C-212-T2FG**,212,6,3535,2,221.6,90,"3½""",161.5,72.5,-
C,BM-7C-212-T2FG* ,212,7,3535,2,221.6,90,"3½""",187,98,-
C,BM-8C-212-T3FG* ,212,8,3535,3,221.6,90,"3½""",212.5,78,46
,,,,,,,,,,,
C,BM-3C-224-T5SG* ,224,3,3020,5,233.6,75,"3""",85,17,17
C,BM-4C-224-T3FG,224,4,3535,3,233.6,90,"3½""",110.5,11,11
C,BM-5C-224-T3FG,224,5,3535,3,233.6,90,"3½""",136,23.5,23.5
C,BM-6C-224-T3FG,224,6,3535,3,233.6,90,"3½""",161.5,36.5,36.5
C,BM-7C-224-T3FG,224,7,3535,3,233.6,90,"3½""",187,36,62
C,BM-8C-224-T3FG,224,8,3535,3,233.6,90,"3½""",212.5,46,78
C,BM-3C-236-T2FG*,236,3,3020,2,245.6,90,"3½""",85,34.2,-
C,BM-3C-236-T5SG* ,236,3,3020,5,245.6,75,"3""",85,17,17
,,,,,,,,,,,
C,BM-4C-236-T2FG* ,236,4,3535,2,245.6,90,"3½""",110.5,21.5,22
C,BM-5C-236-T2FG* ,236,5,3535,2,245.6,90,"3½""",136,47,-
C,BM-6C-236-T2FG* ,236,6,3535,2,245.6,90,"3½""",161.5,72.5,-
C,BM-7C-236-T2FG* ,236,7,3535,2,245.6,90,"3½""",187,98,-
C,BM-8C-236-T2FG* ,236,8,3535,2,245.6,90,"3½""",212.5,123.5,-
,,,,,,,,,,,
,,,,,,,,,,,
C,BM-3C-250-T2FG*,250,3,3020,2,259.6,75,"3""",85,34.2,-
C,BM-3C-250-T5SG* ,250,3,3020,5,259.6,75,"3""",85,17,17
,,,,,,,,,,,
C,BM-4C-250-T2FG* ,250,4,3535,2,259.6,90,"3½""",110.5,21.5,
C,BM-5C-250-T2FG* ,250,5,3535,2,259.6,90,"3½""",136,47,-
C,BM-6C-250-T2FG**,250,6,3535,2,259.6,90,"3½""",161.5,72.5,-
C,BM-7C-250-T2FG* ,250,7,3535,2,259.6,90,"3½""",187,98,-
C,BM-8C-250-T2FG* ,250,8,4040,2,259.6,100,"4""",212.5,110.5,-
C,BM-10C-250-T3FG,250,10,4040,3,259.6,100,"4""",263.5,81,81
,,,,,,,,,,,
,,,,,,,,,,,
C,BM-4C-265-T3FG,265,4,3535,3,274.6,90,"3½""",110.5,11,11
C,BM-5C-265-T3FG,265,5,3535,3,274.6,90,"3½""",136,23.5,23.5
C,BM-6C-265-T3FG,265,6,3535,3,274.6,90,"3½""",161.5,36.5,36.5
,,,,,,,,,,,
,,,,,,,,,,,
,,,,,,,,,,,
,,,,,,,,,,,
,,,,,,,,,,,
,,,,,,,,,,,
,,,,,,,,,,,
,,,,,,,,,,,
,,,,,,,,,,,
,,,,,,,,,,,
,,,,,,,,,,,
C,BM-7C-265-T2FG**,265,7,3535,2,274.6,90,"3½""",187,98,-
C,BM-8C-265-T3FG* ,265,8,3535,3,274.6,90,"3½""",212.5,62,62
C,BM-10C-265-T3FG* ,265,10,4040,3,274.6,100,"4""",263.5,81,81
C,BM-3C-280-T5SG* ,280,3,3535,5,289.6,90,"3½""",85,2,2
C,BM-4C-280-T5SG* ,280,4,3535,5,289.6,90,"3½""",110.5,10.75,10.75
C,BM-5C-280-T2FG* ,280,5,3535,2,289.6,90,"3½""",136,47,-
,,,,,,,,,,,
,,,,,,,,,,,
C,BM-6C-280-T5SG* ,280,6,3535,5,289.6,90,"3½""",161.5,36.25,36.5
C,BM-7C-280-T5SG**,280,7,4040,5,289.6,100,"4""",187,42.5,42.5
C,BM-8C-280-T5SG* ,280,8,4040,5,289.6,100,"4""",212.5,55.25,55.5
C,BM-10C-280-T3FG* ,280,10,4040,3,289.6,100,"4""",263.5,111.5,50
C,BM-10C-280-T5SG*,280,10,4040,5,289.6,100,"4""",263.5,80.75,80.75
,,,,,,,,,,,
C,BM-3C-300-T4SG**,300,3,3535,4,309.6,90,"3½""",85,2,2
C,BM-4C-300-T5SG* ,300,4,3535,5,309.6,90,"3½""",110.5,10.75,10.75
C,BM-5C-300-T5FG* ,300,5,3535,5,309.6,90,"3½""",136,23.5,23.5
C,BM-6C-300-T5SG* ,300,6,3535,5,309.6,90,"3½""",161.5,36.5,36.5
C,BM-7C-300-T5SG**,300,7,4040,5,309.6,100,"4""",187,42.5,42.5
C,BM-8C-300-T5SG* ,300,8,4040,5,309.6,100,"4""",212.5,55.25,55.5
C,BM-10C-300-T3FG,300,10,4545,3,309.6,110,"4½""",263.5,75,75
C,BM-3C-315-T4SG**,315,3,3535,4,324.6,90,"3½""",85,2,2
C,BM-4C-315-T5SG* ,315,4,3535,5,324.6,90,"3½""",110.5,10.75,10.75
C,BM-5C-315-T5FG* ,315,5,3535,5,324.6,90,"3½""",136,23.5,23.5
C,BM-6C-315-T5FG**,315,6,3535,5,324.6,90,"3½""",161.5,36.5,36.5
C,BM-7C-315-T5FG* ,315,7,3535,5,324.6,90,"3½""",187,49,49
C,BM-8C-315-T5SG* ,315,8,4040,5,324.6,100,"4""",212.5,55.25,55.25
C,BM-10C-315-T3FG,315,10,4545,3,324.6,110,"4½""",263.5,75,75
C,BM-3C-335-T4SG**,335,3,3535,4,344.6,90,"3½""",85,2,2
C,BM-4C-335-T5SG* ,335,4,3535,5,344.6,90,"3½""",110.5,10.75,10.75
C,BM-5C-335-T5SG**,335,5,3535,5,344.6,90,"3½""",136,23.5,23.5
C,BM-6C-335-T5SG* ,335,6,3535,5,344.6,90,"3½""",161.5,36.5,36.5
C,BM-7C-335-T5SG**,335,7,4040,5,344.6,100,"4""",187,42.5,42.5
C,BM-8C-335-T5SG* ,335,8,4040,5,344.6,100,"4""",212.5,55.25,55.25
C,BM-10C-335-T3FG**,335,10,4545,3,344.6,110,"4½""",263.5,99.5,50
C,BM-12C-335-T3FG* ,335,12,4545,3,344.6,110,"4½""",314.5,150.5,50
C,BM-3C-355-T4SG**,355,3,3535,4,364.6,90,"3½""",85,2,2
C,BM-4C-355-T5SG* ,355,4,3535,5,364.6,90,"3½""",110.5,10.75,10.75
C,BM-5C-355-T5FG* ,355,5,3535,5,364.6,90,"3½""",136,23.5,23.5
C,BM-6C-355-T5SG* ,355,6,3535,5,364.6,90,"3½""",161.5,36.5,36.5
C,BM-7C-355-T5SG**,355,7,4040,5,364.6,100,"4""",187,42.5,42.5
C,BM-8C-355-T5SG* ,355,8,4040,5,364.6,100,"4""",212.5,55.25,55.25
C,BM-10C-355-T7FG* ,355,10,4545,7,364.6,110,"4½""",263.5,74.75,74.75
,,,,,,,,,,,
,,,,,,,,,,,
,,,,,,,,,,,
,,,,,,,,,,,
,,,,,,,,,,,
,,,,,,,,,,,
,,,,,,,,,,,
,,,,,,,,,,,
,,,,,,,,,,,
,,,,,,,,,,,
,,,,,,,,,,,
,,,,,,,,,,,
,,,,,,,,,,,
,,,,,,,,,,,
,,,,,,,,,,,
,,,,,,,,,,,
,,,,,,,,,,,
,,,,,,,,,,,
,,,,,,,,,,,
C,BM-3C-375-T4SG**,375,3,3535,4,384.6,90,"3½""",85,2,2
,,,,,,,,,,,
,,,,,,,,,,,
C,BM-4C-375-T5SG* ,375,4,3535,5,384.6,90,"3½""",110.5,10.75,10.75
C,BM-5C-375-T5SG**,375,5,4040,5,384.6,100,"4""",136,17,17
C,BM-6C-375-T5SG* ,375,6,4040,5,384.6,100,"4""",161.5,29.75,29.75
C,BM-7C-375-T5SG**,375,7,4040,5,384.6,100,"4""",187,42.5,42.5
C,BM-8C-375-T5SG* ,375,8,4040,5,384.6,100,"4""",212.5,55.25,55.25
C,BM-10C-375-T2FG* ,375,10,4545,2,384.6,110,"4½""",263.5,149.5,150
C,BM-12C-375-T3FG* ,375,12,4545,3,384.6,110,"4½""",314.5,150.5,50
C,BM-3C-400-T4SG**,400,3,3535,4,409.6,90,"3½""",85,2,2
C,BM-4C-400-T5SG* ,400,4,3535,5,409.6,90,"3½""",110.5,10.75,10.75
C,BM-5C-400-T5SG* ,400,5,4040,5,409.6,100,"4""",136,17,17
C,BM-6C-400-T5SG* ,400,6,4040,5,409.6,100,"4""",161.5,29.75,29.75
C,BM-7C-400-T5SG**,400,7,4040,5,409.6,100,"4""",187,42.5,42.5
C,BM-8C-400-T5SG* ,400,8,4040,5,409.6,100,"4""",212.5,55.25,55.25
C,BM-10C-400-T3FG* ,400,10,5050,3,409.6,125,"5""",263.5,137.5,50
C,BM-12C-400-T3FG* ,400,12,5050,3,409.6,125,"5""",314.5,137.5,50
C,BM-3C-425-T4SG**,425,3,3535,4,434.6,90,"3½""",85,2,2
C,BM-4C-425-T5SG* ,425,4,3535,5,434.6,90,"3½""",110.5,10.75,10.75
C,BM-5C-425-T5SG**,425,5,4545,5,434.6,110,"4½""",136,11,11
C,BM-6C-425-T5SG* ,425,6,4545,5,434.6,110,"4½""",161.5,23.75,23.75
C,BM-7C-425-T5SG**,425,7,4545,5,434.6,110,"4½""",187,36.5,36.5
C,BM-8C-425-T5SG* ,425,8,4545,5,434.6,110,"4½""",212.5,49.25,49.25
C,BM-10C-425-T7FG,425,10,5050,7,434.6,125,"5""",263.5,68.25,68.25
C,BM-3C-450-T4FG* ,450,3,3535,4,459.6,90,"3½""",85,2,2
C,BM-4C-450-T5SG* ,450,4,3535,5,459.6,90,"3½""",110.5,10.75,10.75
C,BM-5C-450-T5SG**,450,5,4545,5,459.6,110,"4½""",136,11,11
C,BM-6C-450-T5SG* ,450,6,4545,5,459.6,110,"4½""",161.5,23.75,23.75
C,BM-7C-450-T5SG**,450,7,5050,5,459.6,125,"5""",187,30,30
C,BM-8C-450-T5SG* ,450,8,5050,5,459.6,125,"5""",212.5,42.75,42.75
C,BM-10C-450-T7FG,450,10,5050,7,459.6,125,"5""",263.5,68.25,68.25
C,BM-3C-475-T4SG**,475,3,3535,4,484.6,90,"3½""",85,2,2
C,BM-4C-475-T5SG* ,475,4,3535,5,484.6,90,"3½""",110.5,10.75,10.75
C,BM-5C-475-T5FG* ,475,5,4040,5,484.6,100,"4""",136,17,17
C,BM-6C-475-T5SG* ,475,6,4545,5,484.6,110,"4½""",161.5,23.75,23.75
C,BM-7C-475-T5SG**,475,7,5050,5,484.6,125,"5""",187,30,30
C,BM-8C-475-T5SG* ,475,8,5050,5,484.6,125,"5""",212.5,42.75,42.75
C,BM-10C-475-T7FG,475,10,5050,7,484.6,125,"5""",263.5,68.25,68.25
C,BM-3C-500-T4SG**,500,3,3535,4,509.6,90,"3½""",85,2,2
C,BM-4C-500-T5SG* ,500,4,3535,5,509.6,90,"3½""",110.5,10.75,10.75
C,BM-5C-500-T5FG,500,5,4040,5,509.6,100,"4""",136,17,17
,,,,,,,,,,,
,,,,,,,,,,,
,,,,,,,,,,,
,,,,,,,,,,,
,,,,,,,,,,,
,,,,,,,,,,,
,,,,,,,,,,,
,,,,,,,,,,,
,,,,,,,,,,,
,,,,,,,,,,,
,,,,,,,,,,,
,,,,,,,,,,,
C,BM-6C-500-T5FG**,500,6,5050,5,509.6,125,"5""",161.5,17.25,17.25
C,BM-7C-500-T5FG* ,500,7,5050,5,509.6,125,"5""",187,30,30
C,BM-8C-500-T7FG,500,8,5050,7,509.6,125,"5""",212.5,42.75,42.75
C,BM-10C-500-T7FG,500,10,5050,7,509.6,125,"5""",263.5,68.25,68.25
C,BM-3C-530-T4SG**,530,3,4040,4,539.6,100,"4""",85,8.5,8.5
C,BM-4C-530-T5SG* ,530,4,4040,5,539.6,100,"4""",110.5,4.25,4.25
C,BM-5C-530-T5SG**,530,5,4545,5,539.6,110,"4½""",136,11,17
C,BM-6C-530-T5SG* ,530,6,4545,5,539.6,110,"4½""",161.5,23.75,23.75
C,BM-7C-530-T5SG**,530,7,5050,5,539.6,125,"5""",187,30,30
C,BM-8C-530-T5SG* ,530,8,5050,5,539.6,125,"5""",212.5,42.75,42.75
,,,,,,,,,,,
,,,,,,,,,,,
C,BM-10C-530-T7FG,530,10,5050,7,539.6,125,"5""",263.5,68.25,68.25
C,BM-3C-560-T4FG**,560,3,4040,4,569.6,100,"4""",85,8.5,8..5
C,BM-4C-560-T5FG*,560,4,4040,5,569.6,100,"4""",110.5,4.25,4.25
C,BM-5C-560-T5FG,560,5,4545,5,569.6,110,"4½""",136,11,11
C,BM-6C-560-T5FG,560,6,5050,5,569.6,125,"5""",161.5,17.25,17.25
C,BM-7C-560-T5FG**,560,7,5050,5,569.6,125,"5""",187,30,30
C,BM-8C-560-T5FG*,560,8,5050,5,569.6,125,"5""",212.5,42.75,42.75
C,BM-10C-560-T5FG*,560,10,5050,5,569.6,125,"5""",263.5,68.25,68.25
C,BM-3C-600-T4FG,600,3,4040,4,609.6,100,"4""",85,8.5,8.5
C,BM-4C-600-T4FG,600,4,4545,4,609.6,110,"4½""",110.5,1.75,1.75
C,BM-5C-600-T5FG,600,5,4545,5,609.6,110,"4½""",136,11,11
C,BM-6C-600-T5FG,600,6,5050,5,609.6,125,"5""",161.5,17.25,17.25
C,BM-7C-600-T5FG,600,7,5050,5,609.6,125,"5""",187,30,30
C,BM-8C-600-T5FG,600,8,5050,5,609.6,125,"5""",212.5,42.75,42.75
C,BM-10C-600-T5FG,600,10,5050,5,609.6,125,"5""",263.5,68.25,68.25
C,BM-3C-630-T4FG**,630,3,4040,4,639.6,100,"4""",85,8.5,8.5
C,BM-4C-630-T5FG* ,630,4,4040,5,639.6,100,"4""",110.5,4.25,4.25
C,BM-5C-630-T5FG**,630,5,5050,5,639.6,125,"5""",136,4.5,4.5
C,BM-6C-630-T5FG* ,630,6,5050,5,639.6,125,"5""",161.5,17.25,17.5
C,BM-7C-630-T5FG,630,7,5050,5,639.6,125,"5""",187,30,30
C,BM-8C-630-T5FG**,630,8,5050,5,639.6,125,"5""",212.5,42.75,42.75
C,BM-10C-630-T5FG* ,630,10,5050,5,639.6,125,"5""",263.5,68.25,68.25
C,BM-3C-710-T4FG,710,3,4545,4,719.6,110,"4½""",85,14.5,14.5
C,BM-4C-710-T4FG,710,4,4545,4,719.6,110,"4½""",110.5,1.75,1.75
C,BM-5C-710-T5FG,710,5,5050,5,719.6,125,"5""",136,4.5,4.5
C,BM-6C-710-T5FG,710,6,5050,5,719.6,125,"5""",161.5,17.25,17.25
C,BM-7C-710-T5FG**,710,7,5050,5,719.6,125,"5""",187,30,30
C,BM-8C-710-T5FG* ,710,8,5050,5,719.6,125,"5""",212.5,42.75,42.75
C,BM-10C-710-T5FG,710,10,5050,5,719.6,125,"5""",263.5,68.25,68.25
,,,,,,,,,,,
,,,,,,,,,,,
,,,,,,,,,,,
,,,,,,,,,,,
,,,,,,,,,,,
C,BM-3C-762-T4FG,762,3,4545,4,771.6,110,"4½""",85,8.5,8..5
C,BM-4C-762-T4FG,762,4,4545,4,771.6,110,"4½""",110.5,4.25,4.25
C,BM-5C-762-T5FG,762,5,5050,5,771.6,125,"5""",136,11,11
C,BM-6C-762-T5FG,762,6,5050,5,771.6,125,"5""",161.5,17.25,17.25
C,BM-7C-762-T5FG,762,7,5050,5,771.6,125,"5""",187,30,30
C,BM-8C-762-T5FG,762,8,5050,5,771.6,125,"5""",212.5,42.75,42.75
C,BM-10C-762-T5FG,762,10,5050,5,771.6,125,"5""",263.5,68.25,68.25
C,BM-3C-800-T4FG,800,3,5050,4,809.6,125,"5""",85,8.5,8..5
C,BM-4C-800-T4FG,800,4,5050,4,809.6,125,"5""",110.5,4.25,4.25
C,BM-5C-800-T5FG,800,5,5050,5,809.6,125,"5""",136,11,11
C,BM-6C-800-T5FG,800,6,5050,5,809.6,125,"5""",161.5,17.25,17.25
C,BM-7C-800-T5FG,800,7,5050,5,809.6,125,"5""",187,30,30
C,BM-8C-800-T5FG,800,8,5050,5,809.6,125,"5""",212.5,42.75,42.75
C,BM-10C-800-T5FG,800,10,5050,5,809.6,125,"5""",263.5,68.25,68.25
C,BM-3C-900-T4FG,900,3,5050,4,909.6,125,"5""",85,8.5,8..5
C,BM-4C-900-T4FG,900,4,5050,4,909.6,125,"5""",110.5,4.25,4.25
C,BM-5C-900-T5FG,900,5,5050,5,909.6,125,"5""",136,11,11
C,BM-6C-900-T5FG,900,6,5050,5,909.6,125,"5""",161.5,17.25,17.25
C,BM-7C-900-T5FG,900,7,5050,5,909.6,125,"5""",187,30,30
C,BM-8C-900-T5FG,900,8,5050,5,909.6,125,"5""",212.5,42.75,42.75
C,BM-10C-900-T5FG,900,10,5050,5,909.6,125,"5""",263.5,68.25,68.25
C,BM-3C-1000-T4FG,1000,3,5050,4,1009.6,125,"5""",85,8.5,8..5
C,BM-4C-1000-T4FG,1000,4,5050,4,1009.6,125,"5""",110.5,4.25,4.25
C,BM-5C-1000-T5FG,1000,5,5050,5,1009.6,125,"5""",136,11,11
C,BM-6C-1000-T5FG,1000,6,5050,5,1009.6,125,"5""",161.5,17.25,17.25
C,BM-7C-1000-T5FG,1000,7,5050,5,1009.6,125,"5""",187,30,30
C,BM-8C-1000-T5FG,1000,8,5050,5,1009.6,125,"5""",212.5,42.75,42.75
C,BM-10C-1000-T5FG,1000,10,5050,,1009.6,125,"5""",263.5,68.25,68.25
C,BM-3C-1250-T4FG,1250,3,5050,4,1259.6,125,"5""",85,8.5,8..5
C,BM-4C-1250-T4FG,1250,4,5050,4,1259.6,125,"5""",110.5,4.25,4.25
C,BM-5C-1250-T5FG,1250,5,5050,5,1259.6,125,"5""",136,11,11
C,BM-6C-1250-T5FG,1250,6,5050,5,1259.6,125,"5""",161.5,17.25,17.25
C,BM-7C-1250-T5FG,1250,7,5050,5,1259.6,125,"5""",187,30,30
C,BM-8C-1250-T5FG,1250,8,5050,5,1259.6,125,"5""",212.5,42.75,42.75
C,BM-10C-1250-T5FG,1250,10,5050,5,1259.6,125,"5""",263.5,68.25,68.25
